training_id,training_date,instructor,course,department,rating,participant_count,feedback
TR-0001,2026-04-05,"Sarah Chen","SQL Fundamentals","Finance",4.2,40,"Great course! The hands-on exercises were extremely helpful for understanding the concepts."
TR-0002,2026-01-06,"Nina Kowalski","Python for Data Analysis","Data & Analytics",3,21,"The slides contained too much text and information. Need better visual presentations."
TR-0003,2026-06-26,"James Thompson","Advanced Excel","Human Resources",2.6,14,"More discussion time was needed. Felt rushed through several important topics."
TR-0004,2025-11-16,"Marcus Johnson","Data Analytics Fundamentals","Data & Analytics",3.5,48,"Decent training overall. The materials were adequate but could use updating."
TR-0005,2026-02-07,"James Thompson","Project Management","Human Resources",3.6,17,"The session was informative but ran a bit long. Content was relevant to my role."
TR-0006,2025-10-13,"David Kim","Business Intelligence","Data & Analytics",1.8,46,"Training duration was too short to cover all the topics adequately."
TR-0007,2026-02-26,"Lisa Nakamura","Communication Skills","Operations",2.1,11,"The material was difficult to follow. More structured examples would have helped."
TR-0008,2025-11-07,"Michael O'Brien","Financial Reporting","Technology",3.7,37,"One of the best training sessions I have attended. Very relevant to my daily work."
TR-0009,2026-07-23,"Michael O'Brien","Python for Data Analysis","Data & Analytics",2.7,27,"Not enough practical exercises. Too much theory without real application."
TR-0010,2026-07-13,"Aisha Williams","Project Management","Finance",3.1,50,"Decent training overall. The materials were adequate but could use updating."
TR-0011,2025-12-31,"Priya Patel","Financial Reporting","Data & Analytics",3.5,42,"The session was informative but ran a bit long. Content was relevant to my role."
TR-0012,2026-06-17,"Marcus Johnson","Advanced Excel","Operations",2,45,"More discussion time was needed. Felt rushed through several important topics."
TR-0013,2025-10-21,"Sophie Lambert","Communication Skills","Technology",3.7,33,"The session was informative but ran a bit long. Content was relevant to my role."
TR-0014,2026-05-15,"Sarah Chen","Financial Reporting","Operations",3.3,43,"The course covered the expected topics. Some sections could have been more detailed."
TR-0015,2025-10-24,"David Kim","Project Management","Operations",3.1,14,"Decent training overall. The materials were adequate but could use updating."
TR-0016,2025-12-04,"Elena Rodriguez","SQL Fundamentals","Data & Analytics",2.7,46,"The material was difficult to follow. More structured examples would have helped."
TR-0017,2026-04-03,"Aisha Williams","Risk Management","Operations",4.9,49,"The instructor explained the material very clearly and used excellent practical examples."
TR-0018,2026-08-21,"Robert Martinez","Digital Transformation","Data & Analytics",4.5,47,"The instructor explained the material very clearly and used excellent practical examples."
TR-0019,2026-08-12,"Robert Martinez","Project Management","Data & Analytics",3,48,"Decent training overall. The materials were adequate but could use updating."
TR-0020,2026-09-11,"Marcus Johnson","Digital Transformation","Technology",3.7,29,"The session was informative but ran a bit long. Content was relevant to my role."
TR-0021,2026-07-10,"Robert Martinez","Project Management","Data & Analytics",2.6,19,"The course covered the expected topics. Some sections could have been more detailed."
TR-0022,2025-11-18,"Sarah Chen","Data Visualization","Data & Analytics",1.3,15,"The slides contained too much text and information. Need better visual presentations."
TR-0023,2026-08-17,"Marcus Johnson","SQL Fundamentals","Technology",4.3,33,"Great course! The hands-on exercises were extremely helpful for understanding the concepts."
TR-0024,2026-06-05,"Hannah Fischer","Data Visualization","Data & Analytics",4.1,32,"One of the best training sessions I have attended. Very relevant to my daily work."
TR-0025,2026-06-15,"Robert Martinez","Python for Data Analysis","Operations",3.3,22,"Decent training overall. The materials were adequate but could use updating."
TR-0026,2025-11-17,"James Thompson","SQL Fundamentals","Operations",3.5,33,"Decent training overall. The materials were adequate but could use updating."
TR-0027,2026-04-21,"Michael O'Brien","Digital Transformation","Human Resources",4.1,32,"Excellent training session. The real-world case studies made the theory come alive."
TR-0028,2026-01-01,"Sarah Chen","SQL Fundamentals","Data & Analytics",3.5,26,"Great course! The hands-on exercises were extremely helpful for understanding the concepts."
TR-0029,2026-02-08,"David Kim","Python for Data Analysis","Technology",3.9,23,"The core content was solid, though the delivery could have been more engaging."
TR-0030,2026-08-15,"Sophie Lambert","Business Intelligence","Finance",1.6,35,"Training duration was too short to cover all the topics adequately."
TR-0031,2026-04-26,"Elena Rodriguez","Leadership Fundamentals","Technology",3.6,39,"The core content was solid, though the delivery could have been more engaging."
TR-0032,2026-07-09,"Daniel Okafor","Business Intelligence","Human Resources",4.3,31,"The instructor was patient and made complex topics accessible. Highly recommended."
TR-0033,2025-10-06,"Priya Patel","Risk Management","Finance",4,44,"Well-structured content with good pacing. I feel confident applying what I learned."
TR-0034,2026-04-23,"Carlos Rivera","SQL Fundamentals","Finance",3.4,49,"Decent training overall. The materials were adequate but could use updating."
TR-0035,2026-07-21,"Nina Kowalski","Project Management","Human Resources",3.8,17,"Average training experience. Met expectations but did not exceed them."
TR-0036,2026-04-20,"James Thompson","Risk Management","Operations",1.2,39,"Not enough practical exercises. Too much theory without real application."
TR-0037,2025-12-02,"Daniel Okafor","Data Visualization","Data & Analytics",2.6,33,"Covered the basics well. Would appreciate a follow-up session on advanced topics."
TR-0038,2026-05-18,"Nina Kowalski","Leadership Fundamentals","Data & Analytics",4.3,31,"Well-structured content with good pacing. I feel confident applying what I learned."
TR-0039,2026-02-13,"Carlos Rivera","Digital Transformation","Human Resources",4.2,24,"Well-structured content with good pacing. I feel confident applying what I learned."
TR-0040,2025-11-16,"Sarah Chen","Financial Reporting","Technology",4.1,15,"Well-structured content with good pacing. I feel confident applying what I learned."
TR-0041,2026-04-18,"Hannah Fischer","SQL Fundamentals","Finance",1.3,32,"The slides contained too much text and information. Need better visual presentations."
TR-0042,2026-06-20,"Marcus Johnson","Python for Data Analysis","Data & Analytics",1.8,32,"The slides contained too much text and information. Need better visual presentations."
TR-0043,2026-05-07,"Robert Martinez","Financial Reporting","Finance",3.3,46,"Decent training overall. The materials were adequate but could use updating."
TR-0044,2026-01-04,"Marcus Johnson","Business Intelligence","Operations",4.2,13,"Excellent training session. The real-world case studies made the theory come alive."
TR-0045,2025-10-26,"Carlos Rivera","Business Intelligence","Data & Analytics",2.6,13,"Not enough practical exercises. Too much theory without real application."
TR-0046,2026-06-13,"Sophie Lambert","Data Visualization","Human Resources",4.9,31,"Well-structured content with good pacing. I feel confident applying what I learned."
TR-0047,2025-10-09,"Carlos Rivera","Python for Data Analysis","Human Resources",4.3,42,"One of the best training sessions I have attended. Very relevant to my daily work."
TR-0048,2026-09-02,"Aisha Williams","Risk Management","Technology",3.5,20,"Covered the basics well. Would appreciate a follow-up session on advanced topics."
TR-0049,2026-08-26,"Nina Kowalski","Data Visualization","Operations",4.4,42,"Really enjoyed the interactive format. The instructor was knowledgeable and engaging."
TR-0050,2026-05-26,"Marcus Johnson","Project Management","Finance",3,22,"Decent training overall. The materials were adequate but could use updating."
TR-0051,2026-03-01,"Marcus Johnson","Advanced Excel","Human Resources",1.8,19,"Training duration was too short to cover all the topics adequately."
TR-0052,2026-01-19,"Lisa Nakamura","Project Management","Technology",4,33,"The core content was solid, though the delivery could have been more engaging."
TR-0053,2026-02-28,"Lisa Nakamura","Financial Reporting","Operations",3.6,33,"Average training experience. Met expectations but did not exceed them."
TR-0054,2026-08-17,"Hannah Fischer","Data Visualization","Operations",3.6,47,"The instructor was patient and made complex topics accessible. Highly recommended."
TR-0055,2026-07-03,"Michael O'Brien","Digital Transformation","Operations",1.8,42,"More discussion time was needed. Felt rushed through several important topics."
TR-0056,2026-07-26,"Carlos Rivera","Project Management","Finance",4.4,20,"Great course! The hands-on exercises were extremely helpful for understanding the concepts."
TR-0057,2025-12-10,"Hannah Fischer","Leadership Fundamentals","Data & Analytics",3.5,32,"The course covered the expected topics. Some sections could have been more detailed."
TR-0058,2026-08-25,"Marcus Johnson","Digital Transformation","Human Resources",3.7,40,"One of the best training sessions I have attended. Very relevant to my daily work."
TR-0059,2025-12-28,"Marcus Johnson","Financial Reporting","Finance",2.7,20,"Average training experience. Met expectations but did not exceed them."
TR-0060,2025-11-04,"Hannah Fischer","Risk Management","Data & Analytics",3.8,43,"Great course! The hands-on exercises were extremely helpful for understanding the concepts."
TR-0061,2025-10-20,"Nina Kowalski","Business Intelligence","Operations",2.9,18,"The core content was solid, though the delivery could have been more engaging."
TR-0062,2026-03-17,"Carlos Rivera","Communication Skills","Finance",3.9,26,"The core content was solid, though the delivery could have been more engaging."
TR-0063,2026-01-17,"Marcus Johnson","Digital Transformation","Operations",2.6,38,"The slides contained too much text and information. Need better visual presentations."
TR-0064,2026-09-27,"Priya Patel","Project Management","Finance",3.7,10,"Decent training overall. The materials were adequate but could use updating."
TR-0065,2025-10-09,"Hannah Fischer","Python for Data Analysis","Technology",4.7,19,"Well-structured content with good pacing. I feel confident applying what I learned."
TR-0066,2026-04-06,"Sarah Chen","Financial Reporting","Finance",3.7,43,"Well-structured content with good pacing. I feel confident applying what I learned."
TR-0067,2026-04-23,"Nina Kowalski","Project Management","Technology",4.8,30,"Well-structured content with good pacing. I feel confident applying what I learned."
TR-0068,2026-04-23,"Priya Patel","Digital Transformation","Finance",4.9,46,"Well-structured content with good pacing. I feel confident applying what I learned."
TR-0069,2026-02-07,"Carlos Rivera","Advanced Excel","Finance",4,36,"The core content was solid, though the delivery could have been more engaging."
TR-0070,2025-12-26,"Daniel Okafor","Business Intelligence","Operations",1.2,19,"More discussion time was needed. Felt rushed through several important topics."
TR-0071,2026-08-19,"Nina Kowalski","Digital Transformation","Operations",2.8,21,"The session was informative but ran a bit long. Content was relevant to my role."
TR-0072,2025-11-06,"Michael O'Brien","Risk Management","Operations",4.2,44,"The instructor explained the material very clearly and used excellent practical examples."
TR-0073,2026-04-03,"Lisa Nakamura","Business Intelligence","Finance",4,39,"The course covered the expected topics. Some sections could have been more detailed."
TR-0074,2025-10-12,"Marcus Johnson","Communication Skills","Finance",3.9,12,"Excellent training session. The real-world case studies made the theory come alive."
TR-0075,2026-02-04,"Robert Martinez","Digital Transformation","Data & Analytics",3.7,10,"Good balance between theory and practice. The group exercises were particularly useful."
TR-0076,2025-11-12,"Daniel Okafor","Communication Skills","Data & Analytics",2.3,29,"The material was difficult to follow. More structured examples would have helped."
TR-0077,2025-12-01,"Sarah Chen","Leadership Fundamentals","Human Resources",1.5,12,"More discussion time was needed. Felt rushed through several important topics."
TR-0078,2026-04-05,"Hannah Fischer","Risk Management","Finance",3.4,14,"The session was informative but ran a bit long. Content was relevant to my role."
TR-0079,2025-12-29,"Elena Rodriguez","Risk Management","Technology",4.1,45,"Excellent training session. The real-world case studies made the theory come alive."
TR-0080,2026-01-29,"Marcus Johnson","Risk Management","Data & Analytics",3.9,36,"Good balance between theory and practice. The group exercises were particularly useful."
TR-0081,2025-12-28,"Michael O'Brien","SQL Fundamentals","Technology",4.6,30,"Really enjoyed the interactive format. The instructor was knowledgeable and engaging."
TR-0082,2026-04-04,"Marcus Johnson","Data Visualization","Human Resources",4.5,27,"Great course! The hands-on exercises were extremely helpful for understanding the concepts."
TR-0083,2025-11-02,"Lisa Nakamura","Business Intelligence","Technology",3.7,23,"Excellent training session. The real-world case studies made the theory come alive."
TR-0084,2026-06-07,"Marcus Johnson","Communication Skills","Human Resources",4,35,"The instructor was patient and made complex topics accessible. Highly recommended."
TR-0085,2026-08-09,"James Thompson","Advanced Excel","Operations",2.6,15,"The material was difficult to follow. More structured examples would have helped."
TR-0086,2025-10-27,"Lisa Nakamura","Advanced Excel","Operations",3.7,23,"Good balance between theory and practice. The group exercises were particularly useful."
TR-0087,2026-05-14,"Marcus Johnson","SQL Fundamentals","Human Resources",4.8,18,"The instructor was patient and made complex topics accessible. Highly recommended."
TR-0088,2026-02-02,"Priya Patel","Project Management","Data & Analytics",1.9,42,"Not enough practical exercises. Too much theory without real application."
TR-0089,2026-02-03,"Sarah Chen","Project Management","Data & Analytics",2.6,28,"Decent training overall. The materials were adequate but could use updating."
TR-0090,2026-03-25,"Robert Martinez","SQL Fundamentals","Finance",1.4,27,"The material was difficult to follow. More structured examples would have helped."
TR-0091,2026-07-10,"Nina Kowalski","Leadership Fundamentals","Human Resources",1.9,31,"Training duration was too short to cover all the topics adequately."
TR-0092,2026-06-07,"Hannah Fischer","Python for Data Analysis","Human Resources",3.1,48,"Average training experience. Met expectations but did not exceed them."
TR-0093,2026-01-07,"Sophie Lambert","SQL Fundamentals","Technology",2.6,12,"The slides contained too much text and information. Need better visual presentations."
TR-0094,2025-12-19,"Carlos Rivera","Python for Data Analysis","Finance",3.4,33,"The core content was solid, though the delivery could have been more engaging."
TR-0095,2026-06-23,"Elena Rodriguez","Financial Reporting","Data & Analytics",4,36,"Great course! The hands-on exercises were extremely helpful for understanding the concepts."
TR-0096,2026-01-20,"Aisha Williams","Communication Skills","Technology",4.4,14,"Really enjoyed the interactive format. The instructor was knowledgeable and engaging."
TR-0097,2026-03-01,"Priya Patel","SQL Fundamentals","Data & Analytics",4.2,50,"Good balance between theory and practice. The group exercises were particularly useful."
TR-0098,2026-09-29,"Sophie Lambert","Risk Management","Operations",2.8,10,"The core content was solid, though the delivery could have been more engaging."
TR-0099,2026-08-15,"Daniel Okafor","Financial Reporting","Technology",3.9,16,"Excellent training session. The real-world case studies made the theory come alive."
TR-0100,2025-10-12,"Robert Martinez","Advanced Excel","Human Resources",4.6,34,"Great course! The hands-on exercises were extremely helpful for understanding the concepts."
TR-0101,2026-07-11,"Michael O'Brien","Project Management","Human Resources",1.1,30,"Training duration was too short to cover all the topics adequately."
TR-0102,2026-06-28,"Aisha Williams","Data Analytics Fundamentals","Human Resources",2.2,15,"The material was difficult to follow. More structured examples would have helped."
TR-0103,2026-07-25,"Daniel Okafor","Data Visualization","Operations",1.6,49,"Not enough practical exercises. Too much theory without real application."
TR-0104,2026-08-24,"Elena Rodriguez","Leadership Fundamentals","Technology",5,49,"The instructor was patient and made complex topics accessible. Highly recommended."
TR-0105,2026-04-25,"James Thompson","Python for Data Analysis","Operations",3.9,13,"The session was informative but ran a bit long. Content was relevant to my role."
TR-0106,2026-05-07,"Sophie Lambert","Advanced Excel","Finance",4.3,38,"The instructor was patient and made complex topics accessible. Highly recommended."
TR-0107,2026-02-14,"Hannah Fischer","Business Intelligence","Data & Analytics",1.2,19,"The material was difficult to follow. More structured examples would have helped."
TR-0108,2025-11-25,"Elena Rodriguez","Data Visualization","Operations",2.6,15,"The slides contained too much text and information. Need better visual presentations."
TR-0109,2025-12-21,"Lisa Nakamura","Financial Reporting","Finance",2.6,34,"The pace was too fast. I struggled to keep up with the material being presented."
TR-0110,2026-09-08,"Elena Rodriguez","SQL Fundamentals","Technology",1.4,38,"The pace was too fast. I struggled to keep up with the material being presented."
TR-0111,2026-05-09,"Marcus Johnson","Digital Transformation","Operations",2.2,28,"Training duration was too short to cover all the topics adequately."
TR-0112,2026-01-10,"Hannah Fischer","Advanced Excel","Technology",1.4,20,"Not enough practical exercises. Too much theory without real application."
TR-0113,2026-02-24,"Hannah Fischer","Python for Data Analysis","Technology",2.8,15,"The pace was too fast. I struggled to keep up with the material being presented."
TR-0114,2026-01-31,"David Kim","Advanced Excel","Technology",4,27,"Really enjoyed the interactive format. The instructor was knowledgeable and engaging."
TR-0115,2026-07-06,"Michael O'Brien","SQL Fundamentals","Technology",2.7,23,"Decent training overall. The materials were adequate but could use updating."
TR-0116,2026-09-18,"Elena Rodriguez","SQL Fundamentals","Operations",4.3,39,"The instructor was patient and made complex topics accessible. Highly recommended."
TR-0117,2026-09-21,"Robert Martinez","Advanced Excel","Operations",4.7,13,"The instructor was patient and made complex topics accessible. Highly recommended."
TR-0118,2026-05-07,"Sarah Chen","SQL Fundamentals","Operations",4,30,"The session was informative but ran a bit long. Content was relevant to my role."
TR-0119,2026-01-30,"Elena Rodriguez","Communication Skills","Finance",4.3,47,"One of the best training sessions I have attended. Very relevant to my daily work."
TR-0120,2025-11-14,"Sophie Lambert","Digital Transformation","Technology",2.1,21,"Training duration was too short to cover all the topics adequately."
TR-0121,2025-10-11,"Michael O'Brien","Data Visualization","Finance",4.2,12,"Excellent training session. The real-world case studies made the theory come alive."
TR-0122,2026-07-01,"Marcus Johnson","Data Visualization","Technology",4.3,40,"The instructor was patient and made complex topics accessible. Highly recommended."
TR-0123,2025-10-06,"Sophie Lambert","Project Management","Operations",3.9,30,"The course covered the expected topics. Some sections could have been more detailed."
TR-0124,2026-08-21,"Lisa Nakamura","Data Visualization","Operations",4,48,"Really enjoyed the interactive format. The instructor was knowledgeable and engaging."
TR-0125,2026-08-19,"Carlos Rivera","Project Management","Operations",2.9,13,"Average training experience. Met expectations but did not exceed them."
TR-0126,2025-10-09,"Lisa Nakamura","Python for Data Analysis","Operations",3.9,23,"Average training experience. Met expectations but did not exceed them."
TR-0127,2026-06-25,"Sophie Lambert","Business Intelligence","Technology",3.6,37,"Well-structured content with good pacing. I feel confident applying what I learned."
TR-0128,2026-05-09,"Daniel Okafor","Project Management","Finance",4.4,49,"The instructor explained the material very clearly and used excellent practical examples."
TR-0129,2025-10-22,"Priya Patel","Data Visualization","Data & Analytics",2.5,22,"The session was informative but ran a bit long. Content was relevant to my role."
TR-0130,2026-08-20,"James Thompson","SQL Fundamentals","Human Resources",4.2,35,"The instructor explained the material very clearly and used excellent practical examples."
TR-0131,2026-05-15,"Daniel Okafor","Advanced Excel","Finance",4.6,21,"Great course! The hands-on exercises were extremely helpful for understanding the concepts."
TR-0132,2026-08-04,"Nina Kowalski","Leadership Fundamentals","Technology",2.8,47,"Covered the basics well. Would appreciate a follow-up session on advanced topics."
TR-0133,2026-01-21,"Marcus Johnson","Data Analytics Fundamentals","Human Resources",3.9,21,"The course covered the expected topics. Some sections could have been more detailed."
TR-0134,2026-10-04,"Daniel Okafor","Data Analytics Fundamentals","Data & Analytics",4.6,24,"Really enjoyed the interactive format. The instructor was knowledgeable and engaging."
TR-0135,2025-10-13,"Sophie Lambert","Business Intelligence","Human Resources",4.2,30,"Good balance between theory and practice. The group exercises were particularly useful."
TR-0136,2026-02-18,"David Kim","Risk Management","Technology",2.2,35,"The slides contained too much text and information. Need better visual presentations."
TR-0137,2026-05-07,"Daniel Okafor","Python for Data Analysis","Technology",3.4,41,"Decent training overall. The materials were adequate but could use updating."
TR-0138,2026-01-14,"Aisha Williams","Business Intelligence","Technology",2.7,31,"The slides contained too much text and information. Need better visual presentations."
TR-0139,2026-04-22,"Elena Rodriguez","Advanced Excel","Operations",3.6,39,"Good balance between theory and practice. The group exercises were particularly useful."
TR-0140,2025-12-29,"Robert Martinez","SQL Fundamentals","Technology",2,19,"Not enough practical exercises. Too much theory without real application."
TR-0141,2025-11-10,"Hannah Fischer","Leadership Fundamentals","Finance",1.2,45,"Training duration was too short to cover all the topics adequately."
TR-0142,2026-08-05,"Michael O'Brien","Communication Skills","Operations",2.9,25,"The core content was solid, though the delivery could have been more engaging."
TR-0143,2026-09-22,"Sarah Chen","Python for Data Analysis","Human Resources",4.5,38,"Excellent training session. The real-world case studies made the theory come alive."
TR-0144,2026-05-23,"David Kim","Advanced Excel","Data & Analytics",2.7,15,"Covered the basics well. Would appreciate a follow-up session on advanced topics."
TR-0145,2025-12-31,"Hannah Fischer","Communication Skills","Data & Analytics",4.6,46,"One of the best training sessions I have attended. Very relevant to my daily work."
TR-0146,2026-10-04,"Sarah Chen","Project Management","Finance",4,28,"The session was informative but ran a bit long. Content was relevant to my role."
TR-0147,2026-01-20,"Hannah Fischer","Advanced Excel","Data & Analytics",3.5,25,"Well-structured content with good pacing. I feel confident applying what I learned."
TR-0148,2025-10-07,"Lisa Nakamura","Advanced Excel","Technology",3.8,11,"The instructor was patient and made complex topics accessible. Highly recommended."
TR-0149,2026-05-24,"Lisa Nakamura","Leadership Fundamentals","Finance",1.9,29,"More discussion time was needed. Felt rushed through several important topics."
TR-0150,2026-01-28,"Nina Kowalski","Advanced Excel","Human Resources",1.5,33,"The material was difficult to follow. More structured examples would have helped."
TR-0151,2026-07-13,"Aisha Williams","Project Management","Finance",2.6,12,"Covered the basics well. Would appreciate a follow-up session on advanced topics."
TR-0152,2025-10-15,"Robert Martinez","Data Analytics Fundamentals","Human Resources",2.1,45,"The pace was too fast. I struggled to keep up with the material being presented."
TR-0153,2025-11-16,"David Kim","Leadership Fundamentals","Data & Analytics",3.1,33,"The session was informative but ran a bit long. Content was relevant to my role."
TR-0154,2026-05-01,"Robert Martinez","Data Visualization","Technology",4.7,45,"Good balance between theory and practice. The group exercises were particularly useful."
TR-0155,2026-08-08,"Robert Martinez","Business Intelligence","Human Resources",3.9,21,"The instructor was patient and made complex topics accessible. Highly recommended."
TR-0156,2026-05-02,"Nina Kowalski","Project Management","Finance",4.5,47,"One of the best training sessions I have attended. Very relevant to my daily work."
TR-0157,2026-07-07,"Nina Kowalski","Python for Data Analysis","Finance",2.9,24,"The core content was solid, though the delivery could have been more engaging."
TR-0158,2026-07-03,"Hannah Fischer","SQL Fundamentals","Finance",3.5,39,"The session was informative but ran a bit long. Content was relevant to my role."
TR-0159,2025-12-08,"David Kim","SQL Fundamentals","Finance",4.2,46,"Well-structured content with good pacing. I feel confident applying what I learned."
TR-0160,2026-07-02,"James Thompson","Data Visualization","Operations",3.1,37,"Average training experience. Met expectations but did not exceed them."
TR-0161,2026-08-02,"Robert Martinez","Digital Transformation","Data & Analytics",1.1,20,"The slides contained too much text and information. Need better visual presentations."
TR-0162,2025-10-21,"Carlos Rivera","Financial Reporting","Technology",4.2,42,"Excellent training session. The real-world case studies made the theory come alive."
TR-0163,2026-06-05,"Aisha Williams","Digital Transformation","Operations",2.8,10,"The material was difficult to follow. More structured examples would have helped."
TR-0164,2026-08-11,"James Thompson","Communication Skills","Finance",2.8,50,"The slides contained too much text and information. Need better visual presentations."
TR-0165,2026-08-01,"Daniel Okafor","Digital Transformation","Technology",3.9,14,"The instructor was patient and made complex topics accessible. Highly recommended."
TR-0166,2026-09-01,"Sarah Chen","Communication Skills","Finance",3.6,12,"One of the best training sessions I have attended. Very relevant to my daily work."
TR-0167,2026-03-06,"Michael O'Brien","Project Management","Finance",3.9,10,"Excellent training session. The real-world case studies made the theory come alive."
TR-0168,2026-03-13,"James Thompson","Business Intelligence","Human Resources",3.8,47,"The course covered the expected topics. Some sections could have been more detailed."
TR-0169,2026-03-24,"Nina Kowalski","Project Management","Technology",3.6,46,"Average training experience. Met expectations but did not exceed them."
TR-0170,2026-09-25,"Sarah Chen","Advanced Excel","Operations",4.8,39,"Well-structured content with good pacing. I feel confident applying what I learned."
TR-0171,2026-07-07,"Marcus Johnson","Communication Skills","Technology",2.2,34,"The material was difficult to follow. More structured examples would have helped."
TR-0172,2026-01-06,"Lisa Nakamura","Advanced Excel","Human Resources",3,45,"Covered the basics well. Would appreciate a follow-up session on advanced topics."
TR-0173,2026-06-16,"Robert Martinez","Digital Transformation","Data & Analytics",4.6,48,"The instructor was patient and made complex topics accessible. Highly recommended."
TR-0174,2025-11-11,"Hannah Fischer","Python for Data Analysis","Finance",4.3,21,"Really enjoyed the interactive format. The instructor was knowledgeable and engaging."
TR-0175,2025-12-25,"Nina Kowalski","Risk Management","Data & Analytics",3,38,"The core content was solid, though the delivery could have been more engaging."
TR-0176,2026-01-16,"Daniel Okafor","SQL Fundamentals","Data & Analytics",4.6,28,"Great course! The hands-on exercises were extremely helpful for understanding the concepts."
TR-0177,2026-06-02,"James Thompson","Business Intelligence","Finance",2.8,44,"Training duration was too short to cover all the topics adequately."
TR-0178,2026-02-23,"Elena Rodriguez","Digital Transformation","Data & Analytics",3.9,33,"The instructor was patient and made complex topics accessible. Highly recommended."
TR-0179,2026-05-06,"Carlos Rivera","Business Intelligence","Data & Analytics",3.1,33,"Decent training overall. The materials were adequate but could use updating."
TR-0180,2026-06-22,"Carlos Rivera","Risk Management","Technology",3.8,36,"Covered the basics well. Would appreciate a follow-up session on advanced topics."
TR-0181,2026-06-28,"David Kim","Digital Transformation","Technology",1.7,30,"The slides contained too much text and information. Need better visual presentations."
TR-0182,2025-11-19,"James Thompson","Python for Data Analysis","Human Resources",2.2,37,"The slides contained too much text and information. Need better visual presentations."
TR-0183,2026-08-02,"Michael O'Brien","Project Management","Human Resources",2.6,40,"Average training experience. Met expectations but did not exceed them."
TR-0184,2026-09-18,"Robert Martinez","Data Visualization","Human Resources",2.6,37,"The session was informative but ran a bit long. Content was relevant to my role."
TR-0185,2026-04-05,"Robert Martinez","Leadership Fundamentals","Human Resources",3.3,13,"The core content was solid, though the delivery could have been more engaging."
TR-0186,2026-08-08,"Aisha Williams","Data Analytics Fundamentals","Technology",2,47,"The slides contained too much text and information. Need better visual presentations."
TR-0187,2025-11-25,"Sarah Chen","Communication Skills","Human Resources",5,10,"One of the best training sessions I have attended. Very relevant to my daily work."
TR-0188,2026-05-26,"Hannah Fischer","Leadership Fundamentals","Data & Analytics",4.9,50,"One of the best training sessions I have attended. Very relevant to my daily work."
TR-0189,2026-07-17,"Priya Patel","Project Management","Human Resources",4.1,10,"Really enjoyed the interactive format. The instructor was knowledgeable and engaging."
TR-0190,2026-01-12,"Elena Rodriguez","Python for Data Analysis","Human Resources",3,48,"The session was informative but ran a bit long. Content was relevant to my role."
TR-0191,2026-09-20,"Aisha Williams","Leadership Fundamentals","Data & Analytics",1.5,29,"The material was difficult to follow. More structured examples would have helped."
TR-0192,2026-05-18,"James Thompson","SQL Fundamentals","Data & Analytics",4.4,25,"The instructor explained the material very clearly and used excellent practical examples."
TR-0193,2026-05-13,"Robert Martinez","Business Intelligence","Data & Analytics",2.8,10,"Decent training overall. The materials were adequate but could use updating."
TR-0194,2026-02-19,"Carlos Rivera","Digital Transformation","Operations",3.8,37,"The session was informative but ran a bit long. Content was relevant to my role."
TR-0195,2026-09-02,"Sarah Chen","Digital Transformation","Operations",1.9,29,"The material was difficult to follow. More structured examples would have helped."
TR-0196,2026-09-19,"Priya Patel","Financial Reporting","Finance",3.3,48,"The core content was solid, though the delivery could have been more engaging."
TR-0197,2025-12-20,"Lisa Nakamura","Financial Reporting","Finance",4.4,13,"Really enjoyed the interactive format. The instructor was knowledgeable and engaging."
TR-0198,2026-02-03,"Priya Patel","Advanced Excel","Human Resources",3.9,23,"One of the best training sessions I have attended. Very relevant to my daily work."
TR-0199,2026-08-13,"Robert Martinez","Business Intelligence","Data & Analytics",4,36,"One of the best training sessions I have attended. Very relevant to my daily work."
TR-0200,2026-09-14,"Priya Patel","Python for Data Analysis","Finance",3.3,50,"Covered the basics well. Would appreciate a follow-up session on advanced topics."
TR-0201,2025-10-31,"Lisa Nakamura","Advanced Excel","Technology",3.7,32,"Average training experience. Met expectations but did not exceed them."
TR-0202,2026-04-20,"Aisha Williams","Digital Transformation","Finance",3.7,24,"Good balance between theory and practice. The group exercises were particularly useful."
TR-0203,2026-08-17,"James Thompson","Business Intelligence","Finance",3.1,49,"Decent training overall. The materials were adequate but could use updating."
TR-0204,2025-11-03,"Sarah Chen","Communication Skills","Technology",4,16,"The course covered the expected topics. Some sections could have been more detailed."
TR-0205,2026-08-20,"David Kim","SQL Fundamentals","Data & Analytics",1.6,49,"The slides contained too much text and information. Need better visual presentations."
TR-0206,2026-05-15,"James Thompson","Project Management","Human Resources",3.2,33,"Covered the basics well. Would appreciate a follow-up session on advanced topics."
TR-0207,2026-01-01,"Michael O'Brien","Financial Reporting","Technology",1.4,34,"More discussion time was needed. Felt rushed through several important topics."
TR-0208,2025-11-10,"Aisha Williams","Leadership Fundamentals","Technology",3.3,24,"The session was informative but ran a bit long. Content was relevant to my role."
TR-0209,2026-04-12,"Sarah Chen","SQL Fundamentals","Finance",3.9,15,"The course covered the expected topics. Some sections could have been more detailed."
TR-0210,2026-02-18,"David Kim","Data Visualization","Finance",4.6,49,"One of the best training sessions I have attended. Very relevant to my daily work."
TR-0211,2026-04-04,"Elena Rodriguez","Python for Data Analysis","Operations",3.9,12,"The core content was solid, though the delivery could have been more engaging."
TR-0212,2026-09-13,"Robert Martinez","Leadership Fundamentals","Finance",2.9,40,"Decent training overall. The materials were adequate but could use updating."
TR-0213,2025-11-20,"Sarah Chen","Data Analytics Fundamentals","Human Resources",2.6,20,"The session was informative but ran a bit long. Content was relevant to my role."
TR-0214,2026-08-26,"Robert Martinez","Data Analytics Fundamentals","Finance",4.4,46,"The instructor was patient and made complex topics accessible. Highly recommended."
TR-0215,2026-02-13,"Priya Patel","Communication Skills","Finance",3.7,14,"The instructor was patient and made complex topics accessible. Highly recommended."
TR-0216,2026-07-10,"Robert Martinez","Leadership Fundamentals","Operations",4.6,42,"Great course! The hands-on exercises were extremely helpful for understanding the concepts."
TR-0217,2025-10-20,"Sophie Lambert","SQL Fundamentals","Operations",4.3,38,"One of the best training sessions I have attended. Very relevant to my daily work."
TR-0218,2026-03-09,"Robert Martinez","Business Intelligence","Human Resources",4,49,"Well-structured content with good pacing. I feel confident applying what I learned."
TR-0219,2026-07-18,"Marcus Johnson","Python for Data Analysis","Finance",2.5,43,"More discussion time was needed. Felt rushed through several important topics."
TR-0220,2026-09-16,"Michael O'Brien","Risk Management","Human Resources",3.8,21,"The session was informative but ran a bit long. Content was relevant to my role."
TR-0221,2026-08-04,"Priya Patel","Python for Data Analysis","Data & Analytics",4,17,"Great course! The hands-on exercises were extremely helpful for understanding the concepts."
TR-0222,2026-03-26,"Elena Rodriguez","Leadership Fundamentals","Technology",2.1,12,"The material was difficult to follow. More structured examples would have helped."
TR-0223,2026-09-13,"James Thompson","Python for Data Analysis","Data & Analytics",3.6,30,"Really enjoyed the interactive format. The instructor was knowledgeable and engaging."
TR-0224,2025-11-08,"Michael O'Brien","Data Visualization","Operations",3.8,18,"Average training experience. Met expectations but did not exceed them."
TR-0225,2026-01-08,"Sophie Lambert","Communication Skills","Finance",1.1,36,"The slides contained too much text and information. Need better visual presentations."
TR-0226,2026-07-01,"Sarah Chen","Data Analytics Fundamentals","Operations",3.9,24,"One of the best training sessions I have attended. Very relevant to my daily work."
TR-0227,2025-12-20,"James Thompson","Leadership Fundamentals","Data & Analytics",2.8,41,"The pace was too fast. I struggled to keep up with the material being presented."
TR-0228,2025-10-13,"Sophie Lambert","Financial Reporting","Finance",3.4,47,"The course covered the expected topics. Some sections could have been more detailed."
TR-0229,2026-02-05,"Nina Kowalski","Python for Data Analysis","Finance",4.5,25,"One of the best training sessions I have attended. Very relevant to my daily work."
TR-0230,2025-11-29,"Aisha Williams","Project Management","Human Resources",3.9,22,"The session was informative but ran a bit long. Content was relevant to my role."
TR-0231,2025-12-19,"Elena Rodriguez","Digital Transformation","Finance",3.1,31,"The session was informative but ran a bit long. Content was relevant to my role."
TR-0232,2026-07-13,"Michael O'Brien","Data Visualization","Data & Analytics",1.3,49,"The material was difficult to follow. More structured examples would have helped."
TR-0233,2026-01-13,"Sophie Lambert","Project Management","Technology",3.3,47,"The course covered the expected topics. Some sections could have been more detailed."
TR-0234,2026-08-14,"David Kim","Financial Reporting","Finance",1.8,35,"The material was difficult to follow. More structured examples would have helped."
TR-0235,2026-07-08,"Aisha Williams","Data Visualization","Data & Analytics",2.6,49,"The session was informative but ran a bit long. Content was relevant to my role."
TR-0236,2026-05-08,"James Thompson","Risk Management","Operations",3.5,20,"The instructor explained the material very clearly and used excellent practical examples."
TR-0237,2026-04-09,"Michael O'Brien","Project Management","Finance",4.2,12,"Great course! The hands-on exercises were extremely helpful for understanding the concepts."
TR-0238,2025-12-25,"Sophie Lambert","Risk Management","Operations",4.8,23,"Good balance between theory and practice. The group exercises were particularly useful."
TR-0239,2026-08-30,"Lisa Nakamura","Financial Reporting","Human Resources",4.8,31,"Really enjoyed the interactive format. The instructor was knowledgeable and engaging."
TR-0240,2026-09-20,"Lisa Nakamura","Data Visualization","Data & Analytics",1.4,47,"The slides contained too much text and information. Need better visual presentations."
TR-0241,2026-06-15,"Aisha Williams","SQL Fundamentals","Human Resources",2,47,"The pace was too fast. I struggled to keep up with the material being presented."
TR-0242,2026-08-04,"Daniel Okafor","Data Analytics Fundamentals","Human Resources",3.5,39,"Good balance between theory and practice. The group exercises were particularly useful."
TR-0243,2026-09-01,"Lisa Nakamura","Financial Reporting","Finance",3.9,49,"Really enjoyed the interactive format. The instructor was knowledgeable and engaging."
TR-0244,2026-04-30,"Priya Patel","Business Intelligence","Human Resources",5,25,"Great course! The hands-on exercises were extremely helpful for understanding the concepts."
TR-0245,2026-06-18,"Nina Kowalski","SQL Fundamentals","Human Resources",3,45,"The course covered the expected topics. Some sections could have been more detailed."
TR-0246,2026-03-29,"Carlos Rivera","SQL Fundamentals","Technology",3.8,26,"The core content was solid, though the delivery could have been more engaging."
TR-0247,2026-01-05,"Marcus Johnson","Financial Reporting","Human Resources",4,21,"Average training experience. Met expectations but did not exceed them."
TR-0248,2026-02-02,"David Kim","Digital Transformation","Human Resources",1.4,26,"The slides contained too much text and information. Need better visual presentations."
TR-0249,2026-05-21,"Aisha Williams","Data Analytics Fundamentals","Operations",4.9,33,"Excellent training session. The real-world case studies made the theory come alive."
TR-0250,2025-12-16,"David Kim","Risk Management","Human Resources",2.8,17,"Training duration was too short to cover all the topics adequately."
TR-0251,2026-05-27,"James Thompson","Python for Data Analysis","Operations",3.8,42,"Excellent training session. The real-world case studies made the theory come alive."
TR-0252,2026-02-18,"Nina Kowalski","Leadership Fundamentals","Finance",4.9,48,"Great course! The hands-on exercises were extremely helpful for understanding the concepts."
TR-0253,2026-07-14,"David Kim","Communication Skills","Finance",3.4,50,"Average training experience. Met expectations but did not exceed them."
TR-0254,2025-12-24,"Aisha Williams","Business Intelligence","Human Resources",3.9,19,"The core content was solid, though the delivery could have been more engaging."
TR-0255,2026-10-03,"Robert Martinez","Project Management","Technology",3.3,14,"Average training experience. Met expectations but did not exceed them."
TR-0256,2025-10-23,"Carlos Rivera","Data Visualization","Human Resources",3.8,21,"Decent training overall. The materials were adequate but could use updating."
TR-0257,2026-06-08,"Aisha Williams","Business Intelligence","Operations",1.5,22,"The slides contained too much text and information. Need better visual presentations."
TR-0258,2025-10-07,"David Kim","Business Intelligence","Finance",1.7,50,"Not enough practical exercises. Too much theory without real application."
TR-0259,2026-03-17,"Sarah Chen","Advanced Excel","Finance",4.9,11,"Good balance between theory and practice. The group exercises were particularly useful."
TR-0260,2026-09-09,"Marcus Johnson","Data Visualization","Data & Analytics",3.8,10,"Covered the basics well. Would appreciate a follow-up session on advanced topics."
TR-0261,2025-11-02,"Sarah Chen","SQL Fundamentals","Operations",2.6,13,"Decent training overall. The materials were adequate but could use updating."
TR-0262,2025-12-30,"Marcus Johnson","Data Visualization","Technology",4.6,13,"Good balance between theory and practice. The group exercises were particularly useful."
TR-0263,2026-02-12,"David Kim","Data Visualization","Operations",3.9,41,"Covered the basics well. Would appreciate a follow-up session on advanced topics."
TR-0264,2026-07-22,"Sophie Lambert","Leadership Fundamentals","Finance",4,49,"Well-structured content with good pacing. I feel confident applying what I learned."
TR-0265,2026-09-18,"Lisa Nakamura","Business Intelligence","Finance",4.3,12,"Excellent training session. The real-world case studies made the theory come alive."
TR-0266,2026-07-25,"Marcus Johnson","Data Analytics Fundamentals","Human Resources",3.8,33,"The instructor explained the material very clearly and used excellent practical examples."
TR-0267,2026-01-22,"Sarah Chen","Project Management","Finance",1.3,39,"The pace was too fast. I struggled to keep up with the material being presented."
TR-0268,2026-06-01,"Priya Patel","Python for Data Analysis","Technology",3.6,20,"The instructor explained the material very clearly and used excellent practical examples."
TR-0269,2026-03-28,"Priya Patel","Data Visualization","Finance",2.6,24,"Training duration was too short to cover all the topics adequately."
TR-0270,2026-08-01,"Elena Rodriguez","SQL Fundamentals","Technology",2.9,38,"Decent training overall. The materials were adequate but could use updating."
TR-0271,2025-10-31,"Marcus Johnson","Data Visualization","Human Resources",5,34,"Good balance between theory and practice. The group exercises were particularly useful."
TR-0272,2026-06-29,"Daniel Okafor","Financial Reporting","Technology",4,21,"Well-structured content with good pacing. I feel confident applying what I learned."
TR-0273,2025-10-27,"Elena Rodriguez","Risk Management","Human Resources",3.9,20,"Well-structured content with good pacing. I feel confident applying what I learned."
TR-0274,2026-05-23,"Nina Kowalski","SQL Fundamentals","Technology",2.6,50,"More discussion time was needed. Felt rushed through several important topics."
TR-0275,2026-06-13,"Michael O'Brien","SQL Fundamentals","Human Resources",4.9,26,"The instructor was patient and made complex topics accessible. Highly recommended."
TR-0276,2026-03-25,"Daniel Okafor","Leadership Fundamentals","Finance",2.3,39,"The material was difficult to follow. More structured examples would have helped."
TR-0277,2026-02-02,"Hannah Fischer","Leadership Fundamentals","Human Resources",3.6,28,"Covered the basics well. Would appreciate a follow-up session on advanced topics."
TR-0278,2026-07-15,"Daniel Okafor","Communication Skills","Human Resources",3.6,21,"Well-structured content with good pacing. I feel confident applying what I learned."
TR-0279,2026-02-19,"Lisa Nakamura","Leadership Fundamentals","Human Resources",1.3,25,"Training duration was too short to cover all the topics adequately."
TR-0280,2026-04-16,"Priya Patel","Risk Management","Human Resources",1,33,"More discussion time was needed. Felt rushed through several important topics."
TR-0281,2025-11-16,"James Thompson","Digital Transformation","Technology",4.1,43,"Great course! The hands-on exercises were extremely helpful for understanding the concepts."
TR-0282,2025-10-16,"James Thompson","Python for Data Analysis","Finance",4.8,38,"Great course! The hands-on exercises were extremely helpful for understanding the concepts."
TR-0283,2026-05-09,"Robert Martinez","Risk Management","Finance",4.9,14,"The instructor was patient and made complex topics accessible. Highly recommended."
TR-0284,2026-07-22,"Nina Kowalski","Risk Management","Data & Analytics",3.9,12,"Covered the basics well. Would appreciate a follow-up session on advanced topics."
TR-0285,2026-03-31,"Hannah Fischer","SQL Fundamentals","Data & Analytics",4.9,32,"One of the best training sessions I have attended. Very relevant to my daily work."
TR-0286,2026-02-24,"Nina Kowalski","SQL Fundamentals","Human Resources",3.8,34,"Excellent training session. The real-world case studies made the theory come alive."
TR-0287,2026-10-05,"Lisa Nakamura","Python for Data Analysis","Technology",3.8,27,"The instructor explained the material very clearly and used excellent practical examples."
TR-0288,2026-02-13,"James Thompson","SQL Fundamentals","Data & Analytics",2.6,40,"The session was informative but ran a bit long. Content was relevant to my role."
TR-0289,2026-06-24,"Michael O'Brien","Python for Data Analysis","Operations",4.2,15,"Great course! The hands-on exercises were extremely helpful for understanding the concepts."
TR-0290,2025-10-25,"Daniel Okafor","Communication Skills","Data & Analytics",2.4,37,"Training duration was too short to cover all the topics adequately."
TR-0291,2026-04-02,"Michael O'Brien","Project Management","Data & Analytics",1.4,27,"The slides contained too much text and information. Need better visual presentations."
TR-0292,2026-04-22,"David Kim","SQL Fundamentals","Finance",2.6,25,"Training duration was too short to cover all the topics adequately."
TR-0293,2026-01-26,"Marcus Johnson","Financial Reporting","Technology",1.6,23,"The pace was too fast. I struggled to keep up with the material being presented."
TR-0294,2026-03-22,"Carlos Rivera","Python for Data Analysis","Finance",1.6,45,"The material was difficult to follow. More structured examples would have helped."
TR-0295,2025-12-07,"Priya Patel","Python for Data Analysis","Technology",3.4,30,"Decent training overall. The materials were adequate but could use updating."
TR-0296,2026-08-26,"Daniel Okafor","Advanced Excel","Human Resources",3.6,14,"The session was informative but ran a bit long. Content was relevant to my role."
TR-0297,2026-09-27,"Sarah Chen","Leadership Fundamentals","Operations",1.9,17,"The pace was too fast. I struggled to keep up with the material being presented."
TR-0298,2026-01-03,"Michael O'Brien","Business Intelligence","Finance",3.8,26,"The instructor was patient and made complex topics accessible. Highly recommended."
TR-0299,2026-02-18,"Carlos Rivera","Communication Skills","Human Resources",4.1,24,"Well-structured content with good pacing. I feel confident applying what I learned."
TR-0300,2025-11-28,"Robert Martinez","Leadership Fundamentals","Technology",3.7,21,"Decent training overall. The materials were adequate but could use updating."
TR-0301,2026-06-01,"Daniel Okafor","Digital Transformation","Finance",2.5,49,"Covered the basics well. Would appreciate a follow-up session on advanced topics."
TR-0302,2026-01-16,"Michael O'Brien","Python for Data Analysis","Finance",3.9,43,"The instructor explained the material very clearly and used excellent practical examples."
TR-0303,2026-05-24,"Hannah Fischer","SQL Fundamentals","Technology",3.7,48,"The instructor was patient and made complex topics accessible. Highly recommended."
TR-0304,2026-01-20,"Sophie Lambert","Digital Transformation","Human Resources",3.4,33,"The session was informative but ran a bit long. Content was relevant to my role."
TR-0305,2026-04-05,"Sophie Lambert","Python for Data Analysis","Technology",3.7,23,"The session was informative but ran a bit long. Content was relevant to my role."
TR-0306,2026-05-30,"Aisha Williams","Project Management","Human Resources",4.5,46,"One of the best training sessions I have attended. Very relevant to my daily work."
TR-0307,2026-06-24,"Sarah Chen","Data Analytics Fundamentals","Finance",2.4,30,"The material was difficult to follow. More structured examples would have helped."
TR-0308,2026-04-13,"Hannah Fischer","SQL Fundamentals","Finance",4.8,46,"Well-structured content with good pacing. I feel confident applying what I learned."
TR-0309,2026-08-23,"Sophie Lambert","Data Visualization","Data & Analytics",4.7,15,"Great course! The hands-on exercises were extremely helpful for understanding the concepts."
TR-0310,2026-05-30,"James Thompson","Data Visualization","Technology",4.7,38,"Great course! The hands-on exercises were extremely helpful for understanding the concepts."
TR-0311,2026-05-15,"Robert Martinez","Python for Data Analysis","Data & Analytics",3.9,31,"One of the best training sessions I have attended. Very relevant to my daily work."
TR-0312,2025-12-31,"Priya Patel","Project Management","Finance",2.8,29,"Training duration was too short to cover all the topics adequately."
TR-0313,2026-02-25,"Robert Martinez","Data Visualization","Technology",4.4,32,"Good balance between theory and practice. The group exercises were particularly useful."
TR-0314,2026-07-27,"Robert Martinez","Business Intelligence","Human Resources",4.7,34,"Well-structured content with good pacing. I feel confident applying what I learned."
TR-0315,2026-04-07,"Sarah Chen","Communication Skills","Human Resources",4.4,45,"One of the best training sessions I have attended. Very relevant to my daily work."
TR-0316,2025-11-03,"David Kim","Communication Skills","Operations",3,42,"Covered the basics well. Would appreciate a follow-up session on advanced topics."
TR-0317,2026-08-10,"Michael O'Brien","Data Analytics Fundamentals","Data & Analytics",3.9,10,"Average training experience. Met expectations but did not exceed them."
TR-0318,2026-08-15,"Robert Martinez","Leadership Fundamentals","Technology",4.9,19,"Good balance between theory and practice. The group exercises were particularly useful."
TR-0319,2026-08-04,"Marcus Johnson","Communication Skills","Technology",2.5,33,"The pace was too fast. I struggled to keep up with the material being presented."
TR-0320,2026-08-28,"Marcus Johnson","Advanced Excel","Technology",3.9,37,"Good balance between theory and practice. The group exercises were particularly useful."
TR-0321,2026-01-10,"Elena Rodriguez","Communication Skills","Data & Analytics",1.5,19,"The pace was too fast. I struggled to keep up with the material being presented."
TR-0322,2026-07-11,"Carlos Rivera","Risk Management","Technology",5,31,"Excellent training session. The real-world case studies made the theory come alive."
TR-0323,2025-12-24,"Daniel Okafor","Business Intelligence","Data & Analytics",3.9,10,"One of the best training sessions I have attended. Very relevant to my daily work."
TR-0324,2026-07-06,"Marcus Johnson","Data Visualization","Human Resources",3.8,15,"Really enjoyed the interactive format. The instructor was knowledgeable and engaging."
TR-0325,2026-08-31,"Lisa Nakamura","Communication Skills","Human Resources",1.3,20,"The pace was too fast. I struggled to keep up with the material being presented."
TR-0326,2026-06-19,"Elena Rodriguez","Digital Transformation","Finance",3.7,38,"The instructor explained the material very clearly and used excellent practical examples."
TR-0327,2026-04-18,"Marcus Johnson","Leadership Fundamentals","Finance",3.6,44,"Well-structured content with good pacing. I feel confident applying what I learned."
TR-0328,2026-09-11,"Marcus Johnson","Advanced Excel","Human Resources",4.9,31,"Well-structured content with good pacing. I feel confident applying what I learned."
TR-0329,2025-12-26,"Daniel Okafor","Python for Data Analysis","Technology",4.7,23,"One of the best training sessions I have attended. Very relevant to my daily work."
TR-0330,2025-10-30,"Robert Martinez","Data Visualization","Human Resources",2.5,17,"The course covered the expected topics. Some sections could have been more detailed."
TR-0331,2026-08-11,"David Kim","Communication Skills","Finance",1.8,10,"The material was difficult to follow. More structured examples would have helped."
TR-0332,2026-09-16,"Robert Martinez","Financial Reporting","Finance",3.8,30,"Average training experience. Met expectations but did not exceed them."
TR-0333,2026-09-04,"Sarah Chen","Advanced Excel","Human Resources",2.4,11,"Not enough practical exercises. Too much theory without real application."
TR-0334,2026-03-28,"Sophie Lambert","Digital Transformation","Technology",3.4,41,"Average training experience. Met expectations but did not exceed them."
TR-0335,2026-03-19,"James Thompson","Communication Skills","Technology",1,37,"Training duration was too short to cover all the topics adequately."
TR-0336,2026-04-13,"Aisha Williams","Digital Transformation","Technology",4.4,47,"Good balance between theory and practice. The group exercises were particularly useful."
TR-0337,2026-08-22,"Priya Patel","Data Visualization","Human Resources",4.6,20,"Good balance between theory and practice. The group exercises were particularly useful."
TR-0338,2026-07-11,"Lisa Nakamura","Data Visualization","Technology",3.8,31,"Great course! The hands-on exercises were extremely helpful for understanding the concepts."
TR-0339,2026-08-18,"Priya Patel","Digital Transformation","Technology",2.6,25,"Decent training overall. The materials were adequate but could use updating."
TR-0340,2026-05-10,"Carlos Rivera","Advanced Excel","Data & Analytics",3.9,10,"Great course! The hands-on exercises were extremely helpful for understanding the concepts."
TR-0341,2025-12-30,"Hannah Fischer","Python for Data Analysis","Finance",4,12,"One of the best training sessions I have attended. Very relevant to my daily work."
TR-0342,2026-09-28,"Daniel Okafor","Python for Data Analysis","Technology",4.6,40,"The instructor explained the material very clearly and used excellent practical examples."
TR-0343,2026-07-31,"Priya Patel","Communication Skills","Operations",3,45,"Training duration was too short to cover all the topics adequately."
TR-0344,2026-02-03,"Hannah Fischer","Risk Management","Technology",1.8,18,"The material was difficult to follow. More structured examples would have helped."
TR-0345,2026-02-03,"James Thompson","Risk Management","Operations",2.6,47,"Covered the basics well. Would appreciate a follow-up session on advanced topics."
TR-0346,2026-02-26,"David Kim","Communication Skills","Technology",3.1,11,"The course covered the expected topics. Some sections could have been more detailed."
TR-0347,2026-01-08,"Michael O'Brien","Risk Management","Data & Analytics",4.7,17,"Really enjoyed the interactive format. The instructor was knowledgeable and engaging."
TR-0348,2025-11-14,"Hannah Fischer","Risk Management","Finance",4.8,20,"Great course! The hands-on exercises were extremely helpful for understanding the concepts."
TR-0349,2026-06-27,"David Kim","Python for Data Analysis","Operations",2.8,29,"Average training experience. Met expectations but did not exceed them."
TR-0350,2026-04-06,"Robert Martinez","Financial Reporting","Data & Analytics",4.6,22,"Good balance between theory and practice. The group exercises were particularly useful."
TR-0351,2026-02-14,"Hannah Fischer","Digital Transformation","Finance",4.8,37,"Excellent training session. The real-world case studies made the theory come alive."
TR-0352,2026-04-17,"Robert Martinez","Data Visualization","Human Resources",2.5,19,"Covered the basics well. Would appreciate a follow-up session on advanced topics."
TR-0353,2025-12-14,"Lisa Nakamura","Leadership Fundamentals","Finance",3.9,40,"One of the best training sessions I have attended. Very relevant to my daily work."
TR-0354,2025-10-06,"James Thompson","Leadership Fundamentals","Finance",4.7,39,"Good balance between theory and practice. The group exercises were particularly useful."
TR-0355,2026-04-09,"Priya Patel","Leadership Fundamentals","Technology",4.8,49,"Good balance between theory and practice. The group exercises were particularly useful."
TR-0356,2026-03-05,"David Kim","Business Intelligence","Human Resources",4.3,25,"Great course! The hands-on exercises were extremely helpful for understanding the concepts."
TR-0357,2026-07-01,"Sarah Chen","Advanced Excel","Finance",3.8,49,"One of the best training sessions I have attended. Very relevant to my daily work."
TR-0358,2026-08-07,"Sophie Lambert","Data Analytics Fundamentals","Human Resources",3.5,39,"The instructor was patient and made complex topics accessible. Highly recommended."
TR-0359,2026-01-28,"David Kim","Financial Reporting","Operations",4.9,48,"The instructor was patient and made complex topics accessible. Highly recommended."
TR-0360,2026-07-23,"Elena Rodriguez","Business Intelligence","Technology",2.3,24,"The material was difficult to follow. More structured examples would have helped."
TR-0361,2026-05-02,"Daniel Okafor","Advanced Excel","Finance",4,37,"Well-structured content with good pacing. I feel confident applying what I learned."
TR-0362,2025-11-25,"David Kim","Digital Transformation","Human Resources",3.9,12,"One of the best training sessions I have attended. Very relevant to my daily work."
TR-0363,2026-05-12,"Marcus Johnson","Business Intelligence","Finance",3.6,41,"Decent training overall. The materials were adequate but could use updating."
TR-0364,2026-09-09,"Daniel Okafor","Python for Data Analysis","Operations",2.6,50,"Training duration was too short to cover all the topics adequately."
TR-0365,2025-11-22,"James Thompson","Leadership Fundamentals","Data & Analytics",4.2,38,"Great course! The hands-on exercises were extremely helpful for understanding the concepts."
TR-0366,2026-01-16,"Carlos Rivera","Data Analytics Fundamentals","Data & Analytics",4.6,40,"One of the best training sessions I have attended. Very relevant to my daily work."
TR-0367,2026-03-04,"Aisha Williams","Leadership Fundamentals","Finance",2.8,48,"The session was informative but ran a bit long. Content was relevant to my role."
TR-0368,2026-01-18,"Sophie Lambert","Financial Reporting","Finance",4,28,"The course covered the expected topics. Some sections could have been more detailed."
TR-0369,2025-10-31,"Sophie Lambert","Business Intelligence","Technology",4.6,15,"Really enjoyed the interactive format. The instructor was knowledgeable and engaging."
TR-0370,2026-08-11,"Carlos Rivera","Data Analytics Fundamentals","Operations",3.7,11,"The instructor was patient and made complex topics accessible. Highly recommended."
TR-0371,2025-10-09,"Marcus Johnson","Data Visualization","Data & Analytics",4.5,16,"Excellent training session. The real-world case studies made the theory come alive."
TR-0372,2026-05-01,"Priya Patel","Leadership Fundamentals","Finance",4.3,17,"The instructor was patient and made complex topics accessible. Highly recommended."
TR-0373,2026-01-10,"Sarah Chen","Communication Skills","Data & Analytics",4.7,24,"The instructor was patient and made complex topics accessible. Highly recommended."
TR-0374,2026-05-25,"Sarah Chen","Data Analytics Fundamentals","Technology",4.2,32,"Really enjoyed the interactive format. The instructor was knowledgeable and engaging."
TR-0375,2026-08-25,"Hannah Fischer","Advanced Excel","Finance",3.9,29,"Covered the basics well. Would appreciate a follow-up session on advanced topics."
TR-0376,2026-06-11,"Lisa Nakamura","Financial Reporting","Human Resources",1.3,46,"The slides contained too much text and information. Need better visual presentations."
TR-0377,2026-07-27,"Michael O'Brien","Risk Management","Finance",3.3,10,"The course covered the expected topics. Some sections could have been more detailed."
TR-0378,2026-06-07,"Elena Rodriguez","SQL Fundamentals","Data & Analytics",3.8,15,"Really enjoyed the interactive format. The instructor was knowledgeable and engaging."
TR-0379,2026-06-29,"Daniel Okafor","Project Management","Operations",3.8,17,"Good balance between theory and practice. The group exercises were particularly useful."
TR-0380,2026-07-09,"Priya Patel","Project Management","Technology",1.2,33,"More discussion time was needed. Felt rushed through several important topics."
TR-0381,2026-10-05,"James Thompson","Business Intelligence","Operations",4.1,13,"Well-structured content with good pacing. I feel confident applying what I learned."
TR-0382,2025-12-13,"Priya Patel","Risk Management","Operations",3.8,48,"The instructor was patient and made complex topics accessible. Highly recommended."
TR-0383,2026-03-24,"Priya Patel","Advanced Excel","Data & Analytics",2.6,45,"The core content was solid, though the delivery could have been more engaging."
TR-0384,2025-11-28,"Priya Patel","Digital Transformation","Technology",3.9,31,"The core content was solid, though the delivery could have been more engaging."
TR-0385,2026-02-19,"Lisa Nakamura","Python for Data Analysis","Data & Analytics",3.7,42,"Great course! The hands-on exercises were extremely helpful for understanding the concepts."
TR-0386,2026-05-31,"Priya Patel","Python for Data Analysis","Operations",3.6,24,"Decent training overall. The materials were adequate but could use updating."
TR-0387,2025-12-29,"Michael O'Brien","Python for Data Analysis","Technology",1.9,25,"The slides contained too much text and information. Need better visual presentations."
TR-0388,2026-03-06,"James Thompson","Financial Reporting","Human Resources",4.3,21,"The instructor explained the material very clearly and used excellent practical examples."
TR-0389,2026-06-12,"Marcus Johnson","Data Visualization","Technology",3.5,34,"The instructor was patient and made complex topics accessible. Highly recommended."
TR-0390,2026-07-01,"Nina Kowalski","Communication Skills","Operations",4.3,14,"Good balance between theory and practice. The group exercises were particularly useful."
TR-0391,2026-02-24,"David Kim","Financial Reporting","Operations",4.8,46,"Well-structured content with good pacing. I feel confident applying what I learned."
TR-0392,2026-02-11,"Carlos Rivera","Project Management","Data & Analytics",4.1,38,"One of the best training sessions I have attended. Very relevant to my daily work."
TR-0393,2026-08-27,"Michael O'Brien","Financial Reporting","Technology",4.4,23,"Excellent training session. The real-world case studies made the theory come alive."
TR-0394,2026-02-06,"Lisa Nakamura","Advanced Excel","Finance",4.4,16,"Good balance between theory and practice. The group exercises were particularly useful."
TR-0395,2026-04-08,"Sophie Lambert","Leadership Fundamentals","Technology",1.2,42,"The pace was too fast. I struggled to keep up with the material being presented."
TR-0396,2026-09-22,"Aisha Williams","Data Analytics Fundamentals","Operations",3.9,47,"Well-structured content with good pacing. I feel confident applying what I learned."
TR-0397,2025-12-11,"Aisha Williams","SQL Fundamentals","Operations",2.9,11,"More discussion time was needed. Felt rushed through several important topics."
TR-0398,2026-05-03,"Nina Kowalski","Communication Skills","Human Resources",3.2,42,"The core content was solid, though the delivery could have been more engaging."
TR-0399,2026-02-22,"Robert Martinez","Advanced Excel","Operations",3,44,"Decent training overall. The materials were adequate but could use updating."
TR-0400,2026-03-26,"Elena Rodriguez","Financial Reporting","Technology",4,22,"The instructor explained the material very clearly and used excellent practical examples."
TR-0401,2026-09-22,"Aisha Williams","Project Management","Human Resources",3.1,13,"The session was informative but ran a bit long. Content was relevant to my role."
TR-0402,2026-07-16,"Michael O'Brien","Leadership Fundamentals","Finance",2.5,32,"Average training experience. Met expectations but did not exceed them."
TR-0403,2025-10-16,"Sarah Chen","Risk Management","Human Resources",3.8,50,"Really enjoyed the interactive format. The instructor was knowledgeable and engaging."
TR-0404,2026-01-29,"Sarah Chen","Communication Skills","Operations",2.8,33,"The session was informative but ran a bit long. Content was relevant to my role."
TR-0405,2026-08-12,"David Kim","Business Intelligence","Operations",4.8,14,"Well-structured content with good pacing. I feel confident applying what I learned."
TR-0406,2026-04-05,"Robert Martinez","Business Intelligence","Human Resources",3.4,20,"Covered the basics well. Would appreciate a follow-up session on advanced topics."
TR-0407,2026-06-12,"Robert Martinez","Risk Management","Finance",2.4,31,"More discussion time was needed. Felt rushed through several important topics."
TR-0408,2025-12-05,"Elena Rodriguez","Business Intelligence","Technology",2.7,37,"The material was difficult to follow. More structured examples would have helped."
TR-0409,2026-06-15,"Sophie Lambert","Digital Transformation","Technology",4.3,10,"One of the best training sessions I have attended. Very relevant to my daily work."
TR-0410,2026-04-09,"Sophie Lambert","Advanced Excel","Operations",3.8,10,"The course covered the expected topics. Some sections could have been more detailed."
TR-0411,2026-07-21,"Robert Martinez","Financial Reporting","Technology",3.1,10,"Average training experience. Met expectations but did not exceed them."
TR-0412,2026-08-30,"Marcus Johnson","Project Management","Technology",3.6,45,"The course covered the expected topics. Some sections could have been more detailed."
TR-0413,2026-04-22,"Michael O'Brien","Python for Data Analysis","Operations",1.2,49,"Not enough practical exercises. Too much theory without real application."
TR-0414,2026-07-25,"Lisa Nakamura","Risk Management","Finance",5,19,"One of the best training sessions I have attended. Very relevant to my daily work."
TR-0415,2025-10-13,"Elena Rodriguez","Leadership Fundamentals","Operations",3,20,"The slides contained too much text and information. Need better visual presentations."
TR-0416,2026-05-18,"Sarah Chen","Communication Skills","Finance",4.5,37,"Really enjoyed the interactive format. The instructor was knowledgeable and engaging."
TR-0417,2026-06-14,"Nina Kowalski","Financial Reporting","Data & Analytics",2,29,"Not enough practical exercises. Too much theory without real application."
TR-0418,2026-05-05,"Priya Patel","Data Analytics Fundamentals","Data & Analytics",4.2,32,"Good balance between theory and practice. The group exercises were particularly useful."
TR-0419,2026-01-10,"Aisha Williams","Data Analytics Fundamentals","Data & Analytics",4.7,26,"Great course! The hands-on exercises were extremely helpful for understanding the concepts."
TR-0420,2026-05-24,"Sophie Lambert","Advanced Excel","Human Resources",3.7,47,"The course covered the expected topics. Some sections could have been more detailed."
TR-0421,2026-05-20,"Aisha Williams","Data Visualization","Technology",1.6,21,"Not enough practical exercises. Too much theory without real application."
TR-0422,2026-01-14,"Sarah Chen","Digital Transformation","Data & Analytics",3.8,47,"Excellent training session. The real-world case studies made the theory come alive."
TR-0423,2026-05-24,"Carlos Rivera","Financial Reporting","Data & Analytics",4.2,43,"Really enjoyed the interactive format. The instructor was knowledgeable and engaging."
TR-0424,2026-03-31,"Aisha Williams","Data Analytics Fundamentals","Data & Analytics",3.8,38,"Decent training overall. The materials were adequate but could use updating."
TR-0425,2025-10-27,"Nina Kowalski","Communication Skills","Technology",2.9,27,"Decent training overall. The materials were adequate but could use updating."
TR-0426,2026-04-20,"Sarah Chen","Project Management","Data & Analytics",4.3,34,"Good balance between theory and practice. The group exercises were particularly useful."
TR-0427,2026-03-15,"Robert Martinez","Python for Data Analysis","Data & Analytics",2.5,18,"The course covered the expected topics. Some sections could have been more detailed."
TR-0428,2026-09-10,"Nina Kowalski","Advanced Excel","Data & Analytics",4.9,24,"Great course! The hands-on exercises were extremely helpful for understanding the concepts."
TR-0429,2026-09-14,"Sophie Lambert","Communication Skills","Finance",3.6,19,"Covered the basics well. Would appreciate a follow-up session on advanced topics."
TR-0430,2025-12-26,"Aisha Williams","Data Analytics Fundamentals","Technology",1.6,13,"The slides contained too much text and information. Need better visual presentations."
TR-0431,2026-01-02,"Priya Patel","SQL Fundamentals","Technology",4,31,"Covered the basics well. Would appreciate a follow-up session on advanced topics."
TR-0432,2026-09-15,"Michael O'Brien","SQL Fundamentals","Operations",3,33,"The core content was solid, though the delivery could have been more engaging."
TR-0433,2026-03-06,"Aisha Williams","Data Visualization","Finance",4.1,21,"One of the best training sessions I have attended. Very relevant to my daily work."
TR-0434,2026-03-09,"Daniel Okafor","SQL Fundamentals","Operations",3.3,18,"Average training experience. Met expectations but did not exceed them."
TR-0435,2026-07-24,"Carlos Rivera","Business Intelligence","Operations",1.4,50,"The slides contained too much text and information. Need better visual presentations."
TR-0436,2026-06-24,"Nina Kowalski","Python for Data Analysis","Technology",4.9,20,"Great course! The hands-on exercises were extremely helpful for understanding the concepts."
TR-0437,2026-08-15,"Daniel Okafor","Communication Skills","Human Resources",1.4,29,"More discussion time was needed. Felt rushed through several important topics."
TR-0438,2026-03-14,"Hannah Fischer","Risk Management","Human Resources",4.7,50,"The instructor explained the material very clearly and used excellent practical examples."
TR-0439,2025-11-06,"Marcus Johnson","Python for Data Analysis","Finance",3,15,"The material was difficult to follow. More structured examples would have helped."
TR-0440,2026-06-04,"Elena Rodriguez","Project Management","Operations",2.6,37,"Average training experience. Met expectations but did not exceed them."
TR-0441,2026-08-16,"Daniel Okafor","Risk Management","Technology",3.6,50,"The core content was solid, though the delivery could have been more engaging."
TR-0442,2026-07-19,"Priya Patel","Business Intelligence","Data & Analytics",1.1,43,"The slides contained too much text and information. Need better visual presentations."
TR-0443,2026-01-29,"Sarah Chen","Financial Reporting","Human Resources",4,42,"The session was informative but ran a bit long. Content was relevant to my role."
TR-0444,2026-03-04,"Daniel Okafor","Risk Management","Technology",3.9,20,"The instructor explained the material very clearly and used excellent practical examples."
TR-0445,2025-12-30,"Lisa Nakamura","Financial Reporting","Data & Analytics",3.9,19,"Covered the basics well. Would appreciate a follow-up session on advanced topics."
TR-0446,2025-12-21,"Daniel Okafor","Leadership Fundamentals","Operations",4.6,22,"Well-structured content with good pacing. I feel confident applying what I learned."
TR-0447,2026-08-31,"Sarah Chen","Communication Skills","Operations",3,50,"The core content was solid, though the delivery could have been more engaging."
TR-0448,2026-07-29,"Aisha Williams","Financial Reporting","Human Resources",4.7,44,"The instructor was patient and made complex topics accessible. Highly recommended."
TR-0449,2025-10-07,"Nina Kowalski","SQL Fundamentals","Technology",4.9,48,"Great course! The hands-on exercises were extremely helpful for understanding the concepts."
TR-0450,2026-06-06,"Sophie Lambert","Python for Data Analysis","Operations",4.4,27,"Good balance between theory and practice. The group exercises were particularly useful."
TR-0451,2026-03-31,"Priya Patel","Advanced Excel","Technology",4.2,15,"Great course! The hands-on exercises were extremely helpful for understanding the concepts."
TR-0452,2026-09-11,"Carlos Rivera","Financial Reporting","Data & Analytics",4.9,28,"Great course! The hands-on exercises were extremely helpful for understanding the concepts."
TR-0453,2026-03-09,"Nina Kowalski","Python for Data Analysis","Operations",2.2,14,"Training duration was too short to cover all the topics adequately."
TR-0454,2026-02-05,"Lisa Nakamura","Data Analytics Fundamentals","Technology",4.7,23,"One of the best training sessions I have attended. Very relevant to my daily work."
TR-0455,2026-09-06,"Robert Martinez","Project Management","Data & Analytics",3,45,"The core content was solid, though the delivery could have been more engaging."
TR-0456,2025-10-27,"Sophie Lambert","Leadership Fundamentals","Finance",4.6,28,"Well-structured content with good pacing. I feel confident applying what I learned."
TR-0457,2026-09-19,"Nina Kowalski","Risk Management","Data & Analytics",4.9,12,"Well-structured content with good pacing. I feel confident applying what I learned."
TR-0458,2026-05-17,"Priya Patel","Data Analytics Fundamentals","Operations",4.8,31,"The instructor was patient and made complex topics accessible. Highly recommended."
TR-0459,2026-01-15,"David Kim","Leadership Fundamentals","Finance",3.8,14,"Great course! The hands-on exercises were extremely helpful for understanding the concepts."
TR-0460,2026-06-19,"Priya Patel","Project Management","Finance",4,29,"The instructor was patient and made complex topics accessible. Highly recommended."
TR-0461,2026-01-16,"Robert Martinez","Digital Transformation","Finance",3.3,24,"Decent training overall. The materials were adequate but could use updating."
TR-0462,2025-11-15,"Robert Martinez","Advanced Excel","Operations",3.8,41,"Covered the basics well. Would appreciate a follow-up session on advanced topics."
TR-0463,2026-08-17,"Aisha Williams","Digital Transformation","Finance",3.8,13,"The core content was solid, though the delivery could have been more engaging."
TR-0464,2026-05-05,"Sophie Lambert","Leadership Fundamentals","Technology",3.3,26,"Average training experience. Met expectations but did not exceed them."
TR-0465,2026-01-28,"Lisa Nakamura","Risk Management","Human Resources",1.5,43,"More discussion time was needed. Felt rushed through several important topics."
TR-0466,2026-06-06,"Marcus Johnson","Communication Skills","Data & Analytics",2.8,13,"The course covered the expected topics. Some sections could have been more detailed."
TR-0467,2025-12-12,"Sophie Lambert","Data Visualization","Human Resources",4.1,20,"The instructor explained the material very clearly and used excellent practical examples."
TR-0468,2026-05-27,"Hannah Fischer","Data Analytics Fundamentals","Finance",3,26,"Decent training overall. The materials were adequate but could use updating."
TR-0469,2025-12-06,"Hannah Fischer","Leadership Fundamentals","Data & Analytics",4.1,33,"Well-structured content with good pacing. I feel confident applying what I learned."
TR-0470,2026-02-03,"Nina Kowalski","Risk Management","Finance",3.4,44,"Covered the basics well. Would appreciate a follow-up session on advanced topics."
TR-0471,2026-09-27,"Elena Rodriguez","Data Analytics Fundamentals","Technology",4,27,"Really enjoyed the interactive format. The instructor was knowledgeable and engaging."
TR-0472,2025-10-19,"Priya Patel","Python for Data Analysis","Human Resources",3.1,50,"The course covered the expected topics. Some sections could have been more detailed."
TR-0473,2025-12-15,"Elena Rodriguez","SQL Fundamentals","Technology",4.7,13,"One of the best training sessions I have attended. Very relevant to my daily work."
TR-0474,2026-02-20,"Nina Kowalski","Leadership Fundamentals","Finance",3.1,35,"The session was informative but ran a bit long. Content was relevant to my role."
TR-0475,2025-12-12,"Marcus Johnson","Business Intelligence","Technology",3.5,35,"The session was informative but ran a bit long. Content was relevant to my role."
TR-0476,2025-12-03,"Aisha Williams","Python for Data Analysis","Technology",4.2,46,"One of the best training sessions I have attended. Very relevant to my daily work."
TR-0477,2026-09-16,"Daniel Okafor","SQL Fundamentals","Technology",3.3,50,"The core content was solid, though the delivery could have been more engaging."
TR-0478,2026-01-20,"Hannah Fischer","SQL Fundamentals","Human Resources",2.6,23,"Average training experience. Met expectations but did not exceed them."
TR-0479,2026-09-30,"Lisa Nakamura","Project Management","Operations",4.4,17,"One of the best training sessions I have attended. Very relevant to my daily work."
TR-0480,2026-05-16,"Sophie Lambert","Risk Management","Finance",5,14,"Well-structured content with good pacing. I feel confident applying what I learned."
TR-0481,2025-12-18,"Marcus Johnson","Digital Transformation","Data & Analytics",1.3,22,"The slides contained too much text and information. Need better visual presentations."
TR-0482,2026-07-19,"Hannah Fischer","Communication Skills","Human Resources",3.6,14,"Decent training overall. The materials were adequate but could use updating."
TR-0483,2026-07-11,"Daniel Okafor","Project Management","Technology",1.1,40,"The pace was too fast. I struggled to keep up with the material being presented."
TR-0484,2025-12-15,"Aisha Williams","SQL Fundamentals","Operations",4.4,10,"One of the best training sessions I have attended. Very relevant to my daily work."
TR-0485,2026-09-22,"Aisha Williams","Python for Data Analysis","Finance",2.2,20,"More discussion time was needed. Felt rushed through several important topics."
TR-0486,2026-07-19,"Sophie Lambert","Digital Transformation","Finance",4.7,27,"One of the best training sessions I have attended. Very relevant to my daily work."
TR-0487,2025-11-19,"Sarah Chen","Data Analytics Fundamentals","Operations",2.6,16,"The core content was solid, though the delivery could have been more engaging."
TR-0488,2026-09-20,"Carlos Rivera","Risk Management","Data & Analytics",4.2,15,"The instructor explained the material very clearly and used excellent practical examples."
TR-0489,2026-03-17,"Priya Patel","Python for Data Analysis","Data & Analytics",3.9,26,"Really enjoyed the interactive format. The instructor was knowledgeable and engaging."
TR-0490,2026-03-14,"Sophie Lambert","Data Analytics Fundamentals","Technology",2.6,11,"The core content was solid, though the delivery could have been more engaging."
TR-0491,2026-08-29,"Hannah Fischer","SQL Fundamentals","Finance",2.9,37,"The core content was solid, though the delivery could have been more engaging."
TR-0492,2025-11-30,"Hannah Fischer","Financial Reporting","Data & Analytics",3.8,25,"Great course! The hands-on exercises were extremely helpful for understanding the concepts."
TR-0493,2025-11-04,"Carlos Rivera","SQL Fundamentals","Finance",4.8,32,"The instructor explained the material very clearly and used excellent practical examples."
TR-0494,2025-11-14,"Lisa Nakamura","Python for Data Analysis","Operations",3.8,47,"The session was informative but ran a bit long. Content was relevant to my role."
TR-0495,2025-11-19,"Robert Martinez","Financial Reporting","Human Resources",2.1,37,"Not enough practical exercises. Too much theory without real application."
TR-0496,2026-01-07,"Daniel Okafor","Communication Skills","Human Resources",2.2,46,"The material was difficult to follow. More structured examples would have helped."
TR-0497,2026-04-17,"James Thompson","Data Analytics Fundamentals","Data & Analytics",4.5,42,"Excellent training session. The real-world case studies made the theory come alive."
TR-0498,2026-02-21,"Hannah Fischer","Digital Transformation","Human Resources",4.6,24,"Good balance between theory and practice. The group exercises were particularly useful."
TR-0499,2025-10-31,"Marcus Johnson","Leadership Fundamentals","Finance",1.7,49,"The pace was too fast. I struggled to keep up with the material being presented."
TR-0500,2026-09-21,"Marcus Johnson","Financial Reporting","Human Resources",1.2,15,"The slides contained too much text and information. Need better visual presentations."